Date,PX_LAST,PX_VOLUME
5/1/2015,32.3061,21543362
5/4/2015,32.5336,23590434
5/5/2015,32.344,22382158
5/6/2015,31.7184,26859481
5/7/2015,31.8321,21508469
5/8/2015,32.2492,20411756
5/11/2015,32.1923,26469509
5/12/2015,32.0217,17889918
5/13/2015,31.7847,23762495
5/14/2015,32.1734,17894537
5/15/2015,32.2208,16886762
5/18/2015,32.2113,24619161
5/19/2015,32.4293,20854707
5/20/2015,32.5146,15316889
5/21/2015,32.5715,18112198
5/22/2015,32.4957,12973502
5/26/2015,32.3345,18863608
5/27/2015,32.5146,22041415
5/28/2015,32.6473,15817238
5/29/2015,32.9412,50083281
6/1/2015,32.7611,27551643
6/2/2015,32.6947,18666242
6/3/2015,32.6189,17201219
6/4/2015,32.4578,20659114
6/5/2015,32.3156,23067781
6/8/2015,32.2113,17670265
6/9/2015,32.2397,23211089
6/10/2015,32.5241,23674000
6/11/2015,32.6663,20155476
6/12/2015,32.4293,21685532
6/15/2015,32.2682,20933597
6/16/2015,32.2682,20668868
6/17/2015,32.2113,20993535
6/18/2015,32.581,24510771
6/19/2015,32.4009,28878959
6/22/2015,32.5241,14041005
6/23/2015,32.7042,18452412
6/24/2015,32.4483,23080402
6/25/2015,32.2492,23025334
6/26/2015,32.1544,35670284
6/29/2015,31.8416,28839453
6/30/2015,31.7847,35018708
7/1/2015,31.9364,28218521
7/2/2015,31.633,22627197
7/6/2015,31.5193,20992420
7/7/2015,31.9743,25852788
7/8/2015,31.7089,20209854
7/9/2015,32.0975,22112005
7/10/2015,32.5715,21146375
7/13/2015,33.0076,18226226
7/14/2015,33.254,18496477
7/15/2015,33.1592,19466157
7/16/2015,33.273,15311782
7/17/2015,33.2446,16775621
7/20/2015,33.4057,14772177
7/21/2015,33.3109,17658558
7/22/2015,33.0644,17624916
7/23/2015,32.9697,12718083
7/24/2015,32.4767,21428146
7/27/2015,32.5526,31323719
7/28/2015,33.51,36671126
7/29/2015,33.8986,45343528
7/30/2015,33.8702,21501902
7/31/2015,34.183,29004377
8/3/2015,34.2683,17096397
8/4/2015,34.2304,25733256
8/5/2015,33.9555,24247752
8/6/2015,33.3394,24471370
8/7/2015,33.3583,14653781
8/10/2015,33.5195,15619269
8/11/2015,33.292,19234841
8/12/2015,33.5289,27984632
8/13/2015,33.5195,19540577
8/14/2015,33.4815,18067339
8/17/2015,33.6522,13881656
8/18/2015,33.6711,13343611
8/19/2015,33.4341,17835440
8/20/2015,32.7516,18764789
8/21/2015,31.7942,33488851
8/24/2015,30.4576,52259907
8/25/2015,29.7087,42299709
8/26/2015,30.742,43645667
8/27/2015,31.5288,38592990
8/28/2015,30.96,33491832
8/31/2015,30.5429,32034626
9/1/2015,29.7277,39136107
9/2/2015,30.3059,31423678
9/3/2015,30.2301,21587915
9/4/2015,29.7371,22562960
9/8/2015,30.8368,25972815
9/9/2015,30.2964,21397708
9/10/2015,30.9221,31311517
9/11/2015,31.2539,22379477
9/14/2015,31.0074,15585448
9/15/2015,31.4435,20923890
9/16/2015,31.4529,21409982
9/17/2015,31.7373,25334971
9/18/2015,31.1401,36750754
9/21/2015,30.7325,23705054
9/22/2015,30.5808,24288653
9/23/2015,30.9221,26123994
9/24/2015,30.9979,30464060
9/25/2015,30.2301,34523959
9/28/2015,29.2158,42582903
9/29/2015,29.4054,31037197
9/30/2015,29.7751,32109276
10/1/2015,30.1827,29950597
10/2/2015,31.3581,41704691
10/5/2015,31.7373,31996488
10/6/2015,31.0832,36590273
10/7/2015,31.5572,29635898
10/8/2015,31.3676,30068206
10/9/2015,31.5098,20406537
10/12/2015,31.4909,14840981
10/13/2015,31.2633,19446103
10/14/2015,31.3202,17728981
10/15/2015,32.3061,26383132
10/16/2015,32.6189,19202040
10/19/2015,32.7042,15780809
10/20/2015,32.2303,17491641
10/21/2015,31.7184,33194128
10/22/2015,31.5951,41366018
10/23/2015,32.2776,27534633
10/26/2015,32.3819,23291113
10/27/2015,33.1687,40077755
10/28/2015,33.6048,34862861
10/29/2015,32.9602,72026827
10/30/2015,32.0596,57128862
11/2/2015,33.2351,39500573
11/3/2015,33.1498,29542772
11/4/2015,32.363,30876985
11/5/2015,32.3724,20492714
11/6/2015,32.1639,31249384
11/9/2015,31.8985,27015140
11/10/2015,32.0312,20968209
11/11/2015,31.9838,20503311
11/12/2015,31.652,18000269
11/13/2015,31.5382,18065881
11/16/2015,31.434,25637126
11/17/2015,31.1591,29692177
11/18/2015,31.5762,35963308
11/19/2015,30.6093,90712689
11/20/2015,30.505,64599569
11/23/2015,29.6992,124645606
11/24/2015,30.3059,84025972
11/25/2015,31.1591,79382953
11/27/2015,31.0832,16119593
11/30/2015,31.0643,42912825
12/1/2015,31.87,49301003
12/2/2015,31.1875,31828441
12/3/2015,30.7041,47352572
12/4/2015,31.0927,31613799
12/7/2015,30.96,20968224
12/8/2015,30.8368,25734405
12/9/2015,30.6093,39558235
12/10/2015,30.6756,52793848
12/11/2015,30.3912,40275230
12/14/2015,30.505,38288349
12/15/2015,30.5808,47339338
12/16/2015,30.8842,44432034
12/17/2015,30.6472,38326977
12/18/2015,30.3249,66616172
12/21/2015,30.7704,30623374
12/22/2015,30.8273,25504927
12/23/2015,30.8652,20969414
12/24/2015,30.9221,7927657
12/28/2015,30.7325,26335651
12/29/2015,31.1212,17036188
12/30/2015,31.0453,16335430
12/31/2015,30.5998,21103875
1/4/2016,30.287,37307849
1/5/2016,30.505,27303637
1/6/2016,29.9647,25846580
1/7/2016,29.7656,37213616
1/8/2016,29.3864,33055316
1/11/2016,29.4528,38631767
1/12/2016,29.3864,38830184
1/13/2016,28.7892,40571977
1/14/2016,29.4907,38522829
1/15/2016,29.2063,46773503
1/19/2016,29.0925,32740269
1/20/2016,29.0641,49470839
1/21/2016,28.9883,36554638
1/22/2016,29.1115,31444403
1/25/2016,28.9124,28760238
1/26/2016,29.0736,25959033
1/27/2016,28.9314,28519054
1/28/2016,28.628,48785513
1/29/2016,28.903,56730809
2/1/2016,28.5996,47473256
2/2/2016,28.5712,48212138
2/3/2016,28.1256,44974694
2/4/2016,27.4905,56934604
2/5/2016,27.5189,38931602
2/8/2016,27.0734,47516490
2/9/2016,27.5853,57129774
2/10/2016,27.955,44707153
2/11/2016,27.6137,39640150
2/12/2016,27.8318,32543171
2/16/2016,28.2583,32570542
2/17/2016,28.0877,39112238
2/18/2016,28.0119,48186895
2/19/2016,27.955,39724859
2/22/2016,28.4859,39334413
2/23/2016,28.4005,31970661
2/24/2016,28.4574,31615008
2/25/2016,28.9977,52040085
2/26/2016,28.6565,42926045
2/29/2016,28.1256,35191529
3/1/2016,28.4764,31417662
3/2/2016,28.4195,34288226
3/3/2016,28.3342,36889916
3/4/2016,28.1636,36838592
3/7/2016,28.2394,32196325
3/8/2016,27.8318,32795865
3/9/2016,28.192,76901930
3/10/2016,28.0498,58125407
3/11/2016,28.9124,60378126
3/14/2016,28.5333,46764282
3/15/2016,28.0024,54670155
3/16/2016,27.5284,91225370
3/17/2016,27.8128,66872413
3/18/2016,27.9171,81904920
3/21/2016,28.5048,35222287
3/22/2016,28.7987,40683750
3/23/2016,28.6186,40783393
3/24/2016,28.5143,31944691
3/28/2016,28.2299,31167480
3/29/2016,28.4859,34596245
3/30/2016,28.5048,32091605
3/31/2016,28.0972,56794821
4/1/2016,28.4764,48363680
4/4/2016,29.121,51956937
4/5/2016,29.7277,284468054
4/6/2016,31.2159,150396010
4/7/2016,31.0548,61377971
4/8/2016,30.8083,52749519
4/11/2016,30.2301,83240779
4/12/2016,30.2964,42864282
4/13/2016,30.8462,36460342
4/14/2016,30.9505,31956813
4/15/2016,30.8083,35274322
4/18/2016,30.9126,36999336
4/19/2016,31.178,28420327
4/20/2016,31.5003,35086859
4/21/2016,31.5098,34179594
4/22/2016,31.5382,26137321
4/25/2016,31.4814,24259539
4/26/2016,31.3297,28741271
4/27/2016,31.2823,26094478
4/28/2016,31.197,33035072
4/29/2016,31.0074,34213618
5/2/2016,31.0927,38066813
5/3/2016,31.9459,71533580
5/4/2016,31.6615,36073395
5/5/2016,31.8226,23764159
5/6/2016,31.8321,23170974
5/9/2016,32.0596,31482720
5/10/2016,32.0407,24787046
5/11/2016,31.434,30395992
5/12/2016,31.4624,25376203
5/13/2016,31.4624,20514662
5/16/2016,31.6425,22048594
5/17/2016,31.3107,31475505
5/18/2016,31.4435,19957157
5/19/2016,31.6425,26656342
5/20/2016,31.9838,34571121
5/23/2016,31.9174,23839518
5/24/2016,32.325,28359406
5/25/2016,32.562,21036679
5/26/2016,32.6379,25290595
5/27/2016,32.8085,20464005
5/31/2016,32.8938,32777281
6/1/2016,32.9412,23113119
6/2/2016,33.055,30178076
6/3/2016,32.8843,26923708
6/6/2016,33.1118,20423941
6/7/2016,33.0265,23507519
6/8/2016,33.4152,22488810
6/9/2016,33.4721,24136766
6/10/2016,33.4531,20536448
6/13/2016,32.9317,29692587
6/14/2016,33.1687,31698717
6/15/2016,32.9791,20277743
6/16/2016,32.9412,22334530
6/17/2016,32.4388,33608565
6/20/2016,32.7042,22594776
6/21/2016,32.9412,25356674
6/22/2016,32.6758,25157102
6/23/2016,32.7895,23824757
6/24/2016,32.2018,44000223
6/27/2016,32.0407,29846683
6/28/2016,32.6473,23784246
6/29/2016,33.1877,24864130
6/30/2016,33.3773,26993796
7/1/2016,33.7185,19327637
7/5/2016,33.946,20847146
7/6/2016,33.9934,25832015
7/7/2016,33.9081,18103472
7/8/2016,34.2399,17792142
7/11/2016,34.2683,16515071
7/12/2016,34.3537,16192018
7/13/2016,34.42,13862889
7/14/2016,34.9983,27661388
7/15/2016,34.8561,25090491
7/18/2016,34.7328,16914164
7/19/2016,34.7328,16712509
7/20/2016,34.7708,12274287
7/21/2016,34.7992,13212689
7/22/2016,34.8276,13481509
7/25/2016,34.8655,12175764
7/26/2016,34.9129,12119508
7/27/2016,34.9319,15064000
7/28/2016,34.7613,16256954
7/29/2016,34.9698,21513828
8/1/2016,35.368,28378613
8/2/2016,34.4958,33125741
8/3/2016,33.4531,42638656
8/4/2016,33.3204,25125802
8/5/2016,33.5953,27196405
8/8/2016,33.1118,30540494
8/9/2016,33.254,17129391
8/10/2016,33.3014,14124597
8/11/2016,33.3204,13384075
8/12/2016,33.1592,15029166
8/15/2016,33.2825,12354034
8/16/2016,32.9791,15127343
8/17/2016,33.3109,17040893
8/18/2016,33.3583,16131301
8/19/2016,33.1592,19568121
8/22/2016,33.0265,26042442
8/23/2016,33.2635,16957910
8/24/2016,33.0076,22538088
8/25/2016,32.9602,18105382
8/26/2016,33.0076,18771960
8/29/2016,33.2825,15124885
8/30/2016,33.0644,14492181
8/31/2016,32.9886,20796612
9/1/2016,32.8749,15921155
9/2/2016,32.9602,14435849
9/6/2016,32.9602,16965863
9/7/2016,33.0265,14815540
9/8/2016,32.9128,18231711
9/9/2016,32.325,22386204
9/12/2016,32.8464,19423820
9/13/2016,32.2682,20757597
9/14/2016,32.1734,18904147
9/15/2016,32.363,20852944
9/16/2016,32.1734,25615509
9/19/2016,31.8985,17542252
9/20/2016,32.0501,14113245
9/21/2016,32.4957,15557394
9/22/2016,32.3724,16737398
9/23/2016,32.4767,12937101
9/26/2016,31.889,29525632
9/27/2016,32.0691,15610585
9/28/2016,32.2208,14307758
9/29/2016,31.5856,25043991
9/30/2016,32.107,28593974
10/3/2016,31.9269,17895999
10/4/2016,31.9648,20901129
10/5/2016,32.1355,13945331
10/6/2016,31.8985,15948590
10/7/2016,31.8132,14819706
10/10/2016,31.8606,16383660
10/11/2016,31.4055,17332125
10/12/2016,31.3487,15138764
10/13/2016,31.0548,24182290
10/14/2016,30.96,15569339
10/17/2016,30.8083,16923468
10/18/2016,30.9884,14823626
10/19/2016,30.9031,16363791
10/20/2016,30.8462,19292363
10/21/2016,30.505,18834961
10/24/2016,30.4576,19586374
10/25/2016,30.5998,19336056
10/26/2016,30.7135,17102660
10/27/2016,30.7894,18253037
10/28/2016,30.268,28508651
10/31/2016,30.0595,35949424
11/1/2016,29.4528,54350118
11/2/2016,29.0357,36084519
11/3/2016,28.3342,36329216
11/4/2016,28.4385,35028231
11/7/2016,28.7987,30877493
11/8/2016,28.4385,35451303
11/9/2016,30.4481,118753768
11/10/2016,31.7468,67275205
11/11/2016,30.8936,35803589
11/14/2016,30.6946,30568352
11/15/2016,30.5524,29614279
11/16/2016,30.2964,22641562
11/17/2016,30.0784,26093494
11/18/2016,29.8414,24156427
11/21/2016,29.9267,21872759
11/22/2016,29.6992,26434849
11/23/2016,29.7845,21270415
11/25/2016,30.0405,10452948
11/28/2016,29.8983,17735150
11/29/2016,30.2585,21642215
11/30/2016,30.4671,38519485
12/1/2016,29.8225,30606411
12/2/2016,29.9836,19007839
12/5/2016,29.9457,19300328
12/6/2016,29.9173,17706806
12/7/2016,29.5665,44053675
12/8/2016,29.3295,35493010
12/9/2016,30.05,29350843
12/12/2016,30.7135,32255700
12/13/2016,31.1212,28760300
12/14/2016,31.1117,36347068
12/15/2016,31.0453,20877122
12/16/2016,31.1306,37585369
12/19/2016,31.1212,24930729
12/20/2016,31.1401,25074289
12/21/2016,30.7135,18739717
12/22/2016,30.6567,18613336
12/23/2016,30.7894,10804464
12/27/2016,30.8368,11220427
12/28/2016,30.6661,13938755
12/29/2016,30.7989,14067567
12/30/2016,30.7894,18866618
1/3/2017,31.2823,22193434
1/4/2017,31.5572,21588216
1/5/2017,31.8606,20003366
1/6/2017,31.7373,17474593
1/9/2017,31.7278,20455302
1/10/2017,31.6994,19397333
1/11/2017,31.1212,40439412
1/12/2017,30.9031,31760852
1/13/2017,30.8273,20291186
1/17/2017,30.3912,32104523
1/18/2017,30.3628,21469733
1/19/2017,30.05,26144122
1/20/2017,30.1163,30159695
1/23/2017,29.8225,24760966
1/24/2017,29.5286,29625416
1/25/2017,29.6613,32168240
1/26/2017,29.6518,27185453
1/27/2017,29.7845,24054743
1/30/2017,29.6803,27464839
1/31/2017,30.0784,37450039
2/1/2017,30.0215,28493260
2/2/2017,30.0784,23372299
2/3/2017,30.4197,35991724
2/6/2017,30.5524,24534376
2/7/2017,30.4102,23512005
2/8/2017,30.4671,19160070
2/9/2017,30.6946,23816348
2/10/2017,30.6661,21907167
2/13/2017,30.9126,20620122
2/14/2017,31.0453,22965351
2/15/2017,31.7658,45574488
2/16/2017,31.87,38332300
2/17/2017,31.87,34992707
2/21/2017,31.87,24090742
2/22/2017,31.8416,27207299
2/23/2017,32.2871,30477129
2/24/2017,32.4767,24711954
2/27/2017,32.4957,21830284
2/28/2017,32.344,27480705
3/1/2017,32.6284,32291229
3/2/2017,32.7137,25572123
3/3/2017,32.7232,18837249
3/6/2017,32.562,18191883
3/7/2017,32.2208,29206226
3/8/2017,32.1449,22647434
3/9/2017,32.2776,19164707
3/10/2017,32.3345,19179038
3/13/2017,32.3345,18964029
3/14/2017,32.4388,14766085
3/15/2017,32.8275,23035916
3/16/2017,32.6379,20698492
3/17/2017,32.5336,43392929
3/20/2017,32.5905,17490950
3/21/2017,32.4672,31388495
3/22/2017,32.6758,26117870
3/23/2017,32.5052,20283431
3/24/2017,32.2303,27118654
3/27/2017,32.4009,17886174
3/28/2017,32.3819,18337464
3/29/2017,32.5431,17281021
3/30/2017,32.562,14993815
3/31/2017,32.4293,18611785
4/3/2017,32.4578,18088044
4/4/2017,32.5526,19282949
4/5/2017,32.4104,19280079
4/6/2017,32.3345,16285254
4/7/2017,32.325,13973510
4/10/2017,32.2682,15989255
4/11/2017,32.1639,19123012
4/12/2017,32.1544,24689361
4/13/2017,32.1165,12865826
4/17/2017,32.2303,15145568
4/18/2017,32.0786,21151220
4/19/2017,31.8606,23913011
4/20/2017,31.9838,18348503
4/21/2017,31.889,24243076
4/24/2017,31.9838,21288924
4/25/2017,32.0027,18744026
4/26/2017,32.0881,19814537
4/27/2017,32.0975,14832197
4/28/2017,32.1544,15979173
5/1/2017,32.0217,22685809
5/2/2017,31.8606,40764439
5/3/2017,31.7278,24815663
5/4/2017,31.7089,25519830
5/5/2017,31.7373,21821633
5/8/2017,31.7089,23511940
5/9/2017,31.6425,17104601
5/10/2017,31.3107,33045403
5/11/2017,31.3202,25067891
5/12/2017,31.2918,17636786
5/15/2017,31.3961,19478614
5/16/2017,30.9031,40263569
5/17/2017,30.5524,28397788
5/18/2017,30.5429,23600353
5/19/2017,30.7704,28354336
5/22/2017,30.4481,25356699
5/23/2017,30.4671,17568656
5/24/2017,30.3818,22486949
5/25/2017,30.486,17293352
5/26/2017,30.4671,11699041
5/30/2017,30.4576,16047050
5/31/2017,30.9505,29018501
6/1/2017,31.0074,23894513
6/2/2017,30.8462,20858188
6/5/2017,30.6661,14226613
6/6/2017,30.4007,17866356
6/7/2017,30.3344,16584142
6/8/2017,30.0974,33795781
6/9/2017,31.0643,30137170
6/12/2017,30.9979,28876207
6/13/2017,30.8842,17166939
6/14/2017,30.9884,13821775
6/15/2017,31.1022,18929889
6/16/2017,31.2539,31878571
6/19/2017,31.4909,20799046
6/20/2017,31.8132,26066194
6/21/2017,32.1165,25744254
6/22/2017,32.2871,22156066
6/23/2017,32.3914,30046310
6/26/2017,32.2682,14172264
6/27/2017,32.0122,15265637
6/28/2017,31.9933,14795086
6/29/2017,31.8795,14919173
6/30/2017,31.8416,13512482
7/3/2017,32.0596,8512300
7/5/2017,31.889,16197580
7/6/2017,31.4909,13924394
7/7/2017,31.6141,16996728
7/10/2017,31.671,13526294
7/11/2017,31.4435,12214478
7/12/2017,31.4909,13831109
7/13/2017,31.5477,13389024
7/14/2017,31.6899,12500755
7/17/2017,31.5193,16825293
7/18/2017,31.6236,14569448
7/19/2017,31.87,18810217
7/20/2017,31.7942,16954528
7/21/2017,31.7373,12024404
7/24/2017,31.5856,14761837
7/25/2017,31.3771,19787519
7/26/2017,31.178,15723616
7/27/2017,31.2823,16661472
7/28/2017,31.4245,16239229
7/31/2017,31.434,21982573
8/1/2017,31.3581,26634264
8/2/2017,31.2065,28854037
8/3/2017,31.6899,27267488
8/4/2017,31.889,25790667
8/7/2017,31.5762,12512569
8/8/2017,31.5477,16116151
8/9/2017,31.7089,14997801
8/10/2017,31.6804,18085881
8/11/2017,31.5193,12928473
8/14/2017,31.5762,12791545
8/15/2017,31.6425,17124142
8/16/2017,31.6236,10558641
8/17/2017,31.2349,14858762
8/18/2017,30.9695,15490145
8/21/2017,31.0548,16934286
8/22/2017,31.4245,13452221
8/23/2017,31.5098,16119454
8/24/2017,31.5003,11518441
8/25/2017,31.652,14393883
8/28/2017,31.7278,12365346
8/29/2017,31.7563,12224026
8/30/2017,31.7089,11759928
8/31/2017,32.1544,25901790
9/1/2017,32.1923,18179055
9/5/2017,32.0407,14296598
9/6/2017,32.2208,13212295
9/7/2017,32.2208,17867050
9/8/2017,32.325,15442446
9/11/2017,32.5336,16379498
9/12/2017,33.5289,37256492
9/13/2017,33.2351,20982433
9/14/2017,33.8702,27426839
9/15/2017,33.5195,28871059
9/18/2017,33.6996,16936220
9/19/2017,33.6048,15692161
9/20/2017,34.1167,25680077
9/21/2017,34.0977,15731081
9/22/2017,34.0882,14605376
9/25/2017,33.6617,22181960
9/26/2017,33.4626,17559784
9/27/2017,33.6048,14708470
9/28/2017,33.747,18062655
9/29/2017,33.8418,16003652
10/2/2017,34.1925,16642649
10/3/2017,34.2589,13594288
10/4/2017,34.0882,10849382
10/5/2017,34.1261,13605723
10/6/2017,34.1735,12060086
10/9/2017,34.2589,9751519
10/10/2017,34.5053,17739464
10/11/2017,34.5527,17233093
10/12/2017,34.4579,13994415
10/13/2017,34.4485,12769294
10/16/2017,34.1072,13581579
10/17/2017,34.3157,14019661
10/18/2017,33.965,14418003
10/19/2017,34.3537,19789423
10/20/2017,34.5243,17502245
10/23/2017,34.5053,15159383
10/24/2017,34.3821,15015341
10/25/2017,34.2778,16625693
10/26/2017,33.8797,17432863
10/27/2017,33.747,14940121
10/30/2017,33.3204,25312745
10/31/2017,33.2351,23523848
11/1/2017,33.4247,15709246
11/2/2017,33.6143,13168905
11/3/2017,33.6996,8878821
11/6/2017,33.4815,10626680
11/7/2017,33.5195,10892660
11/8/2017,33.5005,13569440
11/9/2017,33.3678,13366877
11/10/2017,33.3488,15046120
11/13/2017,33.4626,23788112
11/14/2017,33.5384,16393325
11/15/2017,33.5195,12946990
11/16/2017,33.7091,12927777
11/17/2017,33.5289,14847477
11/20/2017,33.51,11817430
11/21/2017,33.6901,12649953
11/22/2017,33.5858,10553135
11/24/2017,33.6427,6397307
11/27/2017,33.6427,10292760
11/28/2017,33.984,12985786
11/29/2017,34.3252,15296837
11/30/2017,34.3726,22830776
12/1/2017,34.4579,18584945
12/4/2017,34.183,14086848
12/5/2017,33.7754,22320611
12/6/2017,33.7091,17379224
12/7/2017,33.6522,15807772
12/8/2017,33.8797,14901108
12/11/2017,34.3252,14362928
12/12/2017,34.676,22485913
12/13/2017,34.7328,15787247
12/14/2017,34.5622,14786943
12/15/2017,35.2637,37779932
12/18/2017,35.1973,16765145
12/19/2017,35.0172,14058532
12/20/2017,34.5622,15099152
12/21/2017,34.3537,14769378
12/22/2017,34.2589,8599248
12/26/2017,34.3252,10892371
12/27/2017,34.439,8319672
12/28/2017,34.4769,6583899
12/29/2017,34.3347,11421487
1/2/2018,34.5432,16185764
1/3/2018,34.7992,13456505
1/4/2018,34.875,12378079
1/5/2018,34.9414,12492890
1/8/2018,34.5527,18941521
1/9/2018,34.5148,16011637
1/10/2018,34.5717,17794887
1/11/2018,34.657,14328844
1/12/2018,34.638,19203657
1/16/2018,34.6949,28972241
1/17/2018,35.2447,24034478
1/18/2018,35.0646,18924552
1/19/2018,35.0172,29538600
1/22/2018,35.0077,20285144
1/23/2018,34.9035,17578034
1/24/2018,35.0077,17716499
1/25/2018,35.2921,18015415
1/26/2018,36.9795,48805858
1/29/2018,36.989,34894666
1/30/2018,35.8325,45999703
1/31/2018,35.112,34022734
2/1/2018,34.9129,28176379
2/2/2018,34.7044,24277891
2/5/2018,32.8654,40288128
2/6/2018,33.4436,53164235
2/7/2018,33.1592,29370002
2/8/2018,31.8795,43501709
2/9/2018,32.3819,47297681
2/12/2018,32.8559,36758689
2/13/2018,33.1213,20454978
2/14/2018,33.3583,23239837
2/15/2018,33.8512,21431059
2/16/2018,34.3726,26242465
2/20/2018,34.1356,25808704
2/21/2018,33.8986,24546750
2/22/2018,33.8797,22754704
2/23/2018,34.3726,17020895
2/26/2018,35.1594,24105629
2/27/2018,34.8845,22336909
2/28/2018,34.42,26907899
3/1/2018,33.7754,28731400
3/2/2018,34.0788,21130333
3/5/2018,34.2399,21176053
3/6/2018,34.0124,17081100
3/7/2018,34.0598,22239404
3/8/2018,34.6001,20537588
3/9/2018,34.8561,18311855
3/12/2018,34.7044,25210277
3/13/2018,34.8371,28046226
3/14/2018,34.4579,22180728
3/15/2018,34.676,19457602
3/16/2018,34.8655,32376925
3/19/2018,34.439,18978917
3/20/2018,34.439,19255999
3/21/2018,34.3821,18094250
3/22/2018,33.747,20962742
3/23/2018,32.6947,27880166
3/26/2018,33.2161,23649364
3/27/2018,33.1877,27357878
3/28/2018,33.4626,24999735
3/29/2018,33.6427,23533906
4/2/2018,33.2256,26872193
4/3/2018,33.8228,20254152
4/4/2018,34.2494,20882990
4/5/2018,33.8702,24460903
4/6/2018,33.3394,21146274
4/9/2018,33.6143,19409229
4/10/2018,34.0788,19884249
4/11/2018,33.9271,13168781
4/12/2018,34.4295,22597698
4/13/2018,34.4295,16863666
4/16/2018,34.6286,15116082
4/17/2018,34.439,16769973
4/18/2018,34.5906,13901830
4/19/2018,34.6286,15784274
4/20/2018,34.7234,21225750
4/23/2018,34.8845,24080746
4/24/2018,35.131,25717648
4/25/2018,34.7708,26309450
4/26/2018,34.9319,19360179
4/27/2018,35.0741,13686126
4/30/2018,34.7044,26846133
5/1/2018,33.5574,48650997
5/2/2018,33.0739,28036345
5/3/2018,32.9507,22312983
5/4/2018,33.0265,18781706
5/7/2018,33.1118,20474368
5/8/2018,33.1592,26821265
5/9/2018,33.3394,19383496
5/10/2018,33.2161,29323229
5/11/2018,33.6522,20512293
5/14/2018,33.9934,20384294
5/15/2018,33.8323,18354536
5/16/2018,33.8228,20750225
5/17/2018,33.8512,12354300
5/18/2018,33.7849,14928519
5/21/2018,33.9366,16890829
5/22/2018,33.8607,13735575
5/23/2018,34.0977,19315552
5/24/2018,34.0219,16625330
5/25/2018,33.8228,14236565
5/29/2018,33.8418,26735896
5/30/2018,34.1735,27603229
5/31/2018,34.0598,29341995
6/1/2018,34.3631,21200222
6/4/2018,34.5527,18041056
6/5/2018,34.5432,20375797
6/6/2018,34.4864,18375821
6/7/2018,34.5906,16208120
6/8/2018,34.7613,15610786
6/11/2018,34.4105,18506278
6/12/2018,34.4105,15533095
6/13/2018,34.3347,15207986
6/14/2018,34.2778,18936803
6/15/2018,34.4674,46638490
6/18/2018,34.2778,22906545
6/19/2018,34.3347,17537628
6/20/2018,34.5622,20260245
6/21/2018,34.4105,16027644
6/22/2018,34.6096,26613610
6/25/2018,34.4864,19378054
6/26/2018,34.4864,24131903
6/27/2018,34.3252,27890386
6/28/2018,34.4674,15660460
6/29/2018,34.3916,19934906
7/2/2018,34.439,13810581
7/3/2018,34.4579,9115864
7/5/2018,34.9509,19346445
7/6/2018,35.1784,22547897
7/9/2018,35.2258,21185382
7/10/2018,35.4817,19216190
7/11/2018,35.2732,16883598
7/12/2018,35.567,16105203
7/13/2018,35.5765,14456705
7/16/2018,35.4343,16972210
7/17/2018,35.6903,14933586
7/18/2018,35.6997,19737628
7/19/2018,35.4154,15746527
7/20/2018,35.3869,14793271
7/23/2018,35.2732,19784700
7/24/2018,35.7377,16892601
7/25/2018,36.0126,16266376
7/26/2018,36.1737,23567896
7/27/2018,36.4107,21018251
7/30/2018,36.5813,20855309
7/31/2018,37.8516,48232784
8/1/2018,38.1739,31057499
8/2/2018,37.5862,30246188
8/3/2018,38.4298,25966165
8/6/2018,38.9038,26071725
8/7/2018,38.7142,17958832
8/8/2018,39.2546,24513719
8/9/2018,38.8659,19090378
8/10/2018,38.7995,17261979
8/13/2018,38.6858,18843100
8/14/2018,38.591,16448577
8/15/2018,39.0176,21279365
8/16/2018,39.264,15614269
8/17/2018,39.8992,24583231
8/20/2018,40.1267,21367175
8/21/2018,39.9655,17678607
8/22/2018,39.8802,14233143
8/23/2018,40.0034,19954610
8/24/2018,40.193,20552243
8/27/2018,39.4157,23231398
8/28/2018,39.3399,18854039
8/29/2018,39.3399,14976323
8/30/2018,39.3399,15194858
8/31/2018,39.3588,19908467
9/4/2018,39.2166,14492231
9/5/2018,39.6716,20702043
9/6/2018,39.6053,17416277
9/7/2018,40.0034,20134401
9/10/2018,39.8707,20381623
9/11/2018,40.1077,18651629
9/12/2018,40.2025,16611205
9/13/2018,40.6196,17709787
9/14/2018,40.7239,15939852
9/17/2018,40.7713,16038234
9/18/2018,41.2452,19416509
9/19/2018,41.0083,22564634
9/20/2018,41.4728,17476185
9/21/2018,41.7666,35192233
9/24/2018,41.6434,17163134
9/25/2018,41.5107,14533656
9/26/2018,41.4064,17442871
9/27/2018,41.6149,14124737
9/28/2018,41.7761,14662793
10/1/2018,41.9657,16008053
10/2/2018,41.9183,17236862
10/3/2018,42.4776,22730183
10/4/2018,42.3733,17989207
10/5/2018,42.5724,17184608
10/8/2018,42.9231,23415164
10/9/2018,43.1032,20386178
10/10/2018,42.1932,32017319
10/11/2018,40.5817,42029578
10/12/2018,41.5012,28858723
10/15/2018,40.8755,22773043
10/16/2018,41.6434,21208405
10/17/2018,42.2501,21967908
10/18/2018,41.7097,21345724
10/19/2018,42.1837,18562548
10/22/2018,42.0605,17103310
10/23/2018,41.8045,21890987
10/24/2018,40.2689,35035292
10/25/2018,41.1504,36623024
10/26/2018,40.3826,28743182
10/29/2018,40.9798,30215917
10/30/2018,40.6575,33609272
10/31/2018,40.8187,26748787
11/1/2018,41.3969,23034261
11/2/2018,40.6954,22982040
11/5/2018,41.2547,20520313
11/6/2018,40.7713,21057074
11/7/2018,42.0889,34910149
11/8/2018,41.5675,24380017
11/9/2018,41.9752,24708399
11/12/2018,41.814,20734237
11/13/2018,41.2547,19126232
11/14/2018,40.6765,26943898
11/15/2018,40.9609,24607466
11/16/2018,41.2452,23343969
11/19/2018,41.8804,22458796
11/20/2018,41.2642,21791753
11/21/2018,40.8566,18658355
11/23/2018,40.8945,8390899
11/26/2018,41.0841,19115673
11/27/2018,41.7761,18753278
11/28/2018,42.5629,18873503
11/29/2018,43.1411,24729884
11/30/2018,43.8237,42746243
12/3/2018,43.5962,25397211
12/4/2018,42.7904,27233298
12/6/2018,42.6387,30539392
12/7/2018,41.6339,26531218
12/10/2018,42.0889,24846171
12/11/2018,41.7192,22680157
12/12/2018,41.8614,19147119
12/13/2018,42.2501,22404113
12/14/2018,41.5201,31333031
12/17/2018,40.8661,36672032
12/18/2018,40.193,29531122
12/19/2018,39.7854,35045483
12/20/2018,39.7664,32727427
12/21/2018,39.7475,58755356
12/24/2018,38.4393,18764895
12/26/2018,39.994,24133940
12/27/2018,40.6196,27414303
12/28/2018,40.7239,24175496
12/31/2018,41.378,19481951
1/2/2019,40.9988,25076212
1/3/2019,39.8518,27043208
1/4/2019,40.7618,25754634
1/7/2019,40.9798,19919838
1/8/2019,41.1694,18669087
1/9/2019,41.0841,19077393
1/10/2019,40.1077,37695611
1/11/2019,40.648,19985293
1/14/2019,40.1646,16703162
1/15/2019,40.5058,24540172
1/16/2019,39.9181,28623739
1/17/2019,40.2594,22938626
1/18/2019,40.3163,36639882
1/22/2019,40.0698,27935618
1/23/2019,39.9655,23209663
1/24/2019,38.8185,32631942
1/25/2019,38.5246,34029811
1/28/2019,37.4724,37314660
1/29/2019,38.6479,48744552
1/30/2019,39.4157,34220034
1/31/2019,40.2404,38830562
2/1/2019,40.648,25844214
2/4/2019,40.2309,18431233
2/5/2019,39.9181,20045245
2/6/2019,40.1267,15607570
2/7/2019,39.5295,23005696
2/8/2019,40.0319,26091645
2/11/2019,39.5105,25713635
2/12/2019,39.6906,28975461
2/13/2019,39.5295,23488812
2/14/2019,39.7854,18847247
2/15/2019,40.193,18186859
2/19/2019,40.3826,23181303
2/20/2019,40.0034,25953408
2/21/2019,39.9466,18607063
2/22/2019,40.7239,23510009
2/25/2019,40.8376,23979889
2/26/2019,40.7807,15701050
2/27/2019,40.6954,15631014
2/28/2019,41.0936,37004223
3/1/2019,41.1031,25301489
3/4/2019,40.8281,21637448
3/5/2019,40.6575,25170612
3/6/2019,39.6811,21262526
3/7/2019,39.2356,27557956
3/8/2019,38.7616,29702195
3/11/2019,39.3399,27667468
3/12/2019,39.5579,22932195
3/13/2019,39.8233,22500347
3/14/2019,39.046,30473983
3/15/2019,39.6053,70938023
3/18/2019,39.6337,18021218
3/19/2019,40.0982,25050546
3/20/2019,39.975,22295088
3/21/2019,40.1456,23019526
3/22/2019,39.6716,18614890
3/25/2019,39.7096,18808072
3/26/2019,40.212,19781073
3/27/2019,39.8328,18458296
3/28/2019,40.0887,16048895
3/29/2019,40.2594,20571118
4/1/2019,40.6101,19302651
4/2/2019,40.6765,17670906
4/3/2019,40.6101,15370795
4/4/2019,40.5153,12325356
4/5/2019,40.7523,14761894
4/8/2019,40.8945,14620975
4/9/2019,40.6101,17860595
4/10/2019,40.5058,12526176
4/11/2019,40.0698,19179152
4/12/2019,39.5389,20245333
4/15/2019,39.8992,17421965
4/16/2019,38.7901,26097727
4/17/2019,37.8042,40239196
4/18/2019,37.3302,47988381
4/22/2019,36.951,29429714
4/23/2019,37.3681,25305608
4/24/2019,37.3207,20110959
4/25/2019,37.5482,17201238
4/26/2019,37.8895,19025763
4/29/2019,37.5293,22038880
4/30/2019,38.4962,32600041
5/1/2019,38.6479,19642677
5/2/2019,38.8754,19422375
5/3/2019,39.2356,17708528
5/6/2019,39.4821,24643086
5/7/2019,38.7047,26189630
5/8/2019,38.8185,22592124
5/9/2019,38.5246,18721469
5/10/2019,38.6005,16500823
5/13/2019,38.4583,26575851
5/14/2019,38.5436,25401053
5/15/2019,39.0081,31803418
5/16/2019,39.4726,24201579
5/17/2019,39.3114,27692390
5/20/2019,39.4252,23009069
5/21/2019,39.501,27310300
5/22/2019,39.8044,23979958
5/23/2019,39.738,24189995
5/24/2019,39.7664,14595227
5/28/2019,39.719,46907903
5/29/2019,39.5484,25517868
5/30/2019,39.719,16455664
5/31/2019,39.3588,21479471
6/3/2019,39.738,21483017
6/4/2019,40.0319,17508282
6/5/2019,40.2689,20321549
6/6/2019,40.4869,23239278
6/7/2019,40.686,18997933
6/10/2019,40.8281,14493063
6/11/2019,40.449,17849362
6/12/2019,40.8376,15462133
6/13/2019,40.2878,13723002
6/14/2019,40.5343,12521887
6/17/2019,40.648,13372836
6/18/2019,40.8281,21663638
6/19/2019,41.2358,20639147
6/20/2019,41.3306,22296624
6/21/2019,41.3969,36187091
6/24/2019,41.4822,23362711
6/25/2019,41.4822,26972684
6/26/2019,40.7523,38908279
6/27/2019,41.1694,20868067
6/28/2019,41.0651,37690857
7/1/2019,41.4917,20261720
7/2/2019,41.9183,15694439
7/3/2019,42.0889,9770042
7/5/2019,41.6339,17357985
7/8/2019,41.0462,22728000
7/9/2019,41.1125,13494603
7/10/2019,41.7666,14514760
7/11/2019,40.7428,36416967
7/12/2019,40.193,31860489
7/15/2019,40.5248,19320588
7/16/2019,40.6196,18551648
7/17/2019,40.5153,15504260
7/18/2019,40.8187,13025669
7/19/2019,40.5438,22345912
7/22/2019,40.5912,11909043
7/23/2019,40.8471,18583350
7/24/2019,40.6575,17189555
7/25/2019,40.449,16617532
7/26/2019,40.8471,19983201
7/29/2019,39.2925,61251565
7/30/2019,36.7709,90834604
7/31/2019,36.8183,53424454
8/1/2019,36.259,48979979
8/2/2019,36.022,27659958
8/5/2019,35.0362,43671852
8/6/2019,35.0267,30347061
8/7/2019,34.676,30376864
8/8/2019,34.9509,22159757
8/9/2019,34.4579,24090753
8/12/2019,33.5479,39304025
8/13/2019,33.3678,43252419
8/14/2019,32.4578,36654089
8/15/2019,32.6853,29140094
8/16/2019,32.8464,28474674
8/19/2019,33.3488,20870280
8/20/2019,32.8085,18911765
8/21/2019,33.055,18226251
8/22/2019,33.254,16066548
8/23/2019,32.5526,26344200
8/26/2019,33.0265,16575364
8/27/2019,32.5526,23450022
8/28/2019,33.254,24719580
8/29/2019,33.491,18608615
8/30/2019,33.6996,17907306
9/3/2019,34.2399,25260981
9/4/2019,33.965,19609207
9/5/2019,34.4485,20965748
9/6/2019,34.6001,19804036
9/9/2019,34.9129,23411395
9/10/2019,35.4343,30598397
9/11/2019,35.4628,16094094
9/12/2019,35.3395,15837117
9/13/2019,34.9888,22864873
9/16/2019,34.9129,18858707
9/17/2019,34.6001,21245862
9/18/2019,34.4864,18700048
9/19/2019,34.6096,16879321
9/20/2019,34.7802,43916806
9/23/2019,34.3537,16436348
9/24/2019,34.1356,22995225
9/25/2019,34.0314,19297115
9/26/2019,33.9176,16196048
9/27/2019,34.3347,16682904
9/30/2019,34.0598,16339376
10/1/2019,33.5858,20926777
10/2/2019,32.8938,21354495
10/3/2019,33.6048,21141346
10/4/2019,34.0598,17168058
10/7/2019,33.965,11169115
10/8/2019,33.5858,14043173
10/9/2019,33.8323,12954607
10/10/2019,33.9271,11720794
10/11/2019,34.2304,17523655
10/14/2019,34.4105,8417230
10/15/2019,34.6001,14419744
10/16/2019,34.4485,13722064
10/17/2019,34.5622,14561579
10/18/2019,34.5622,13491206
10/21/2019,34.5622,12584652
10/22/2019,34.5338,13811980
10/23/2019,34.8561,13301356
10/24/2019,34.4958,19023140
10/25/2019,34.8561,16601235
10/28/2019,35.3395,24478530
10/29/2019,36.2211,30561662
10/30/2019,36.4771,20891284
10/31/2019,36.3728,23282647
11/1/2019,36.3917,18276265
11/4/2019,36.0505,16802447
11/5/2019,35.5291,20577304
11/6/2019,35.6523,17796685
11/7/2019,34.9888,21562924
11/8/2019,35.1215,25263680
11/11/2019,35.0077,11901530
11/12/2019,35.0457,12655832
11/13/2019,34.6949,24656692
11/14/2019,34.6475,23902490
11/15/2019,35.3395,34515591
11/18/2019,35.2826,17168329
11/19/2019,35.6997,25119176
11/20/2019,35.1215,18925725
11/21/2019,35.7756,19869702
11/22/2019,36.3349,24235311
11/25/2019,36.6667,29975885
11/26/2019,36.297,32848095
11/27/2019,36.6193,18217970
11/29/2019,36.515,9292076
12/2/2019,36.297,14847393
12/3/2019,36.0694,19840010
12/4/2019,36.1548,13759216
12/5/2019,36.0505,12427323
12/6/2019,36.297,12213372
12/9/2019,36.3254,14971279
12/10/2019,36.4771,18189079
12/11/2019,36.2306,14771736
12/12/2019,36.5339,12727846
12/13/2019,36.3349,15824101
12/16/2019,37.1027,22961941
12/17/2019,36.8752,27551725
12/18/2019,36.8657,25940186
12/19/2019,36.9416,22294742
12/20/2019,37.188,55218402
12/23/2019,37.2733,16560687
12/24/2019,37.2449,4921941
12/26/2019,37.3302,8905914
12/27/2019,37.2733,9599858
12/30/2019,36.8847,10963330
12/31/2019,37.1406,14398894
1/2/2020,37.1027,15668508
1/3/2020,36.9036,14160525
1/6/2020,36.8562,14964445
1/7/2020,36.733,19106673
1/8/2020,37.0269,15563492
1/9/2020,36.8657,20846670
1/10/2020,37.4345,20453122
1/13/2020,37.3587,14603987
1/14/2020,37.9843,19848824
1/15/2020,38.5531,22700038
1/16/2020,38.4962,15385561
1/17/2020,38.4014,21901267
1/21/2020,38.2402,21931425
1/22/2020,38.0981,17171029
1/23/2020,38.591,25757788
1/24/2020,37.7473,32394393
1/27/2020,38.0696,30326362
1/28/2020,36.1548,66605677
1/29/2020,35.6239,32428430
1/30/2020,35.1405,30660865
1/31/2020,35.3016,32157496
2/3/2020,35.5576,19806426
2/4/2020,35.7282,29554945
2/5/2020,36.1832,27935394
2/6/2020,36.2685,19969440
2/7/2020,36.0694,20781404
2/10/2020,35.8419,18973817
2/11/2020,36.1074,15206157
2/12/2020,35.7756,21768829
2/13/2020,35.0077,20967453
2/14/2020,34.6096,19930518
2/18/2020,34.4295,17076732
2/19/2020,34.3442,16841537
2/20/2020,33.984,40752452
2/21/2020,33.8607,30763978
2/24/2020,32.8654,36023998
2/25/2020,32.1639,39733261
2/26/2020,32.9128,45468733
2/27/2020,32.325,52604246
2/28/2020,31.6804,62686926
3/2/2020,33.0644,39880883
3/3/2020,32.5146,43808820
3/4/2020,34.5053,36728840
3/5/2020,33.6143,33298157
3/6/2020,33.1972,38834135
3/9/2020,32.0027,40971383
3/10/2020,32.7895,38470901
3/11/2020,30.4955,62040667
3/12/2020,28.4574,59517498
3/13/2020,31.0074,57450721
3/16/2020,28.6091,48382415
3/17/2020,30.486,51442678
3/18/2020,30.6756,41636580
3/19/2020,28.8366,56756052
3/20/2020,27.5,49799762
3/23/2020,27.0071,50145209
3/24/2020,28.1541,42188606
3/25/2020,28.2015,42316195
3/26/2020,30.0974,41062990
3/27/2020,29.2916,36328620
3/30/2020,30.9695,28409427
3/31/2020,30.941,27959542
4/1/2020,30.0974,25341170
4/2/2020,31.1591,25794016
4/3/2020,31.889,31154953
4/6/2020,32.7706,38428056
4/7/2020,31.8606,22985142
4/8/2020,32.799,24216276
4/9/2020,33.5479,29141342
4/13/2020,33.3109,17334099
4/14/2020,34.5432,20726118
4/15/2020,34.0977,20220325
4/16/2020,34.0124,19599069
4/17/2020,34.9888,23154488
4/20/2020,34.202,21376250
4/21/2020,33.7659,22746948
4/22/2020,34.3631,19151903
4/23/2020,34.7802,19151219
4/24/2020,35.4343,16470036
4/27/2020,36.3349,22195482
4/28/2020,35.9367,33839412
4/29/2020,36.1358,25159860
4/30/2020,36.3633,27942069
5/1/2020,35.6808,21517923
5/4/2020,35.6618,18874290
5/5/2020,36.5055,22887973
5/6/2020,36.5055,22815411
5/7/2020,35.0362,31827424
5/8/2020,35.2826,18881725
5/11/2020,36.1168,24307817
5/12/2020,35.4154,18344693
5/13/2020,35.1215,23336671
5/14/2020,35.9462,21216779
5/15/2020,35.7945,24155585
5/18/2020,36.0884,21479177
5/19/2020,35.7187,18478352
5/20/2020,35.6713,16607435
5/21/2020,35.3206,16747793
5/22/2020,35.5481,14972724
5/26/2020,35.5386,22068379
5/27/2020,35.4628,24576965
5/28/2020,36.1927,21371034
5/29/2020,36.2022,46146287
6/1/2020,33.6143,73005888
6/2/2020,34.2778,40503656
6/3/2020,34.2778,36766624
6/4/2020,34.1356,25629391
6/5/2020,34.1167,34825149
6/8/2020,34.6854,28647209
6/9/2020,34.3252,20564604
6/10/2020,34.0503,28042861
6/11/2020,31.5667,59930390
6/12/2020,31.9933,35960616
6/15/2020,31.6236,34390398
6/16/2020,31.6615,52767542
6/17/2020,31.8132,26100377
6/18/2020,31.5098,30625130
6/19/2020,31.6804,41677037
6/22/2020,31.3866,22137128
6/23/2020,31.0643,35759420
6/24/2020,30.5145,29238789
6/25/2020,30.6377,26013893
6/26/2020,30.3723,39994343
6/29/2020,30.941,22728941
6/30/2020,30.9979,24147738
7/1/2020,31.9838,69737244
7/2/2020,32.7137,42951533
7/6/2020,32.7137,25759949
7/7/2020,32.2587,23859570
7/8/2020,31.9933,23013834
7/9/2020,31.7184,19320445
7/10/2020,32.0691,23205943
7/13/2020,33.3773,53670893
7/14/2020,33.3962,31170910
7/15/2020,33.8607,24947343
7/16/2020,33.747,17478027
7/17/2020,34.3631,22169382
7/20/2020,34.6001,34929465
7/21/2020,34.7802,22435437
7/22/2020,36.5529,86058379
7/23/2020,36.4107,56584040
7/24/2020,35.6997,32135188
7/27/2020,35.586,26224224
7/28/2020,36.989,53504653
7/29/2020,37.2165,35136308
7/30/2020,36.7235,30620341
7/31/2020,36.4771,27042691
8/3/2020,36.3538,29446336
8/4/2020,36.3917,27939806
8/5/2020,36.4486,23344231
8/6/2020,36.278,19850154
8/7/2020,36.4486,21913899
8/10/2020,36.3917,18941735
8/11/2020,35.823,20234243
8/12/2020,36.3349,18942911
8/13/2020,36.1832,14554052
8/14/2020,36.0789,12240278
8/17/2020,36.3538,16597946
8/18/2020,36.3633,10290720
8/19/2020,36.2685,14886179
8/20/2020,36.7046,20832543
8/21/2020,36.8562,24162380
8/24/2020,36.8183,23730486
8/25/2020,36.4107,24877806
8/26/2020,36.0694,22849789
8/27/2020,35.8893,21021429
8/28/2020,35.9367,31148500
8/31/2020,35.823,28493795
9/1/2020,34.9603,34308752
9/2/2020,35.2637,27579439
9/3/2020,34.5053,34114583
9/4/2020,34.4674,25495483
9/8/2020,34.0598,25366951
9/9/2020,34.2968,26082113
9/10/2020,33.7944,20541458
9/11/2020,34.1925,22874071
9/14/2020,35.0836,28050836
9/15/2020,35.0362,20876431
9/16/2020,34.8655,21105953
9/17/2020,34.9035,16977605
9/18/2020,34.7234,30070827
9/21/2020,34.1451,25245657
9/22/2020,34.3631,21562861
9/23/2020,34.1261,21918884
9/24/2020,33.8986,19791158
9/25/2020,34.1735,13629626
9/28/2020,34.4958,14273515
9/29/2020,34.2873,12837608
9/30/2020,34.7897,21469909
10/1/2020,34.4769,21366561
10/2/2020,34.4864,20362165
10/5/2020,34.8371,18406105
10/6/2020,34.2873,23940632
10/7/2020,34.5717,21024705
10/8/2020,34.9698,16942533
10/9/2020,34.875,22454877
10/12/2020,34.9035,18419235
10/13/2020,34.9793,20439462
10/14/2020,34.9414,20991127
10/15/2020,34.6475,15272507
10/16/2020,35.9746,40790772
10/19/2020,35.8325,30295368
10/20/2020,35.5386,21238009
10/21/2020,35.1499,18012247
10/22/2020,35.4817,18257717
10/23/2020,36.1927,28992325
10/26/2020,35.9462,32052303
10/27/2020,35.4817,34963528
10/28/2020,33.6048,32122867
10/29/2020,33.4436,26134103
10/30/2020,33.6332,24334779
11/2/2020,34.3442,20332670
11/3/2020,34.3063,20528078
11/4/2020,35.3869,38776606
11/5/2020,34.4958,32188804
11/6/2020,34.5053,22647720
11/9/2020,37.1596,218362348
11/10/2020,36.6667,75988336
11/11/2020,36.496,55959195
11/12/2020,35.5955,44422022
11/13/2020,36.6098,38254927
11/16/2020,35.3869,71660458
11/17/2020,36.04,46984500
11/18/2020,36.32,63442680
11/19/2020,36.19,43261829
11/20/2020,36.7,60633847
11/23/2020,36.52,43673118
11/24/2020,36.6,42485263
11/25/2020,36.53,26955795
11/27/2020,37.23,25276957
11/30/2020,38.31,65425877
12/1/2020,39.41,72660817
12/2/2020,40.8,84347479
12/3/2020,40.09,68570055
12/4/2020,40.34,35368133
12/7/2020,41.25,48253744
12/8/2020,42.56,87039307
12/9/2020,41.85,86118487
12/10/2020,41.73,57749197
12/11/2020,41.12,60737026
12/14/2020,39.21,94809746
12/15/2020,38.71,66003269
12/16/2020,37.84,56515268
12/17/2020,38.03,52036392
12/18/2020,37.68,60259175
12/21/2020,37.38,40891838
12/22/2020,36.74,34103903
12/23/2020,37.44,36181989
12/24/2020,37.27,14790136
12/28/2020,36.82,26993685
12/29/2020,37.05,23152070
12/30/2020,36.74,24889848
12/31/2020,36.81,30796516
1/4/2021,36.81,33565683
1/5/2021,37.19,29909381
1/6/2021,36.87,34962509
1/7/2021,37.06,27809480
1/8/2021,37.13,33462370
1/11/2021,37.77,47326586
1/12/2021,37.18,47831077
1/13/2021,36.86,31027868
1/14/2021,36.75,30271992
1/15/2021,36.7,34287816
1/19/2021,36.73,33451275
1/20/2021,36.5,35400057
1/21/2021,36.48,33864105
1/22/2021,36.55,26271163
1/25/2021,37.28,31728455
1/26/2021,37.31,27718696
1/27/2021,36.24,50561180
1/28/2021,35.86,39466710
1/29/2021,35.9,60251859
2/1/2021,35.8,40395805
2/2/2021,34.99,84062442
2/3/2021,34.84,38524232
2/4/2021,34.89,34284903
2/5/2021,34.92,31749594
2/8/2021,34.82,31633900
2/9/2021,34.97,30170176
2/10/2021,34.74,29039856
2/11/2021,34.43,30885165
2/12/2021,34.72,25578646
2/16/2021,34.69,28730342
2/17/2021,34.89,26501081
2/18/2021,34.56,24052519
2/19/2021,34.44,28145263
2/22/2021,34.26,34322488
2/23/2021,33.91,37624172
2/24/2021,33.75,30686122
2/25/2021,33.82,37506087
2/26/2021,33.49,41462750
3/1/2021,33.69,30407772
3/2/2021,33.51,27670392
3/3/2021,34.39,46020164
3/4/2021,34.2,45449559
3/5/2021,34.39,30589931
3/8/2021,34.35,24352299
3/9/2021,34.45,25167096
3/10/2021,34.93,33501784
3/11/2021,34.71,24557862
3/12/2021,34.94,16342437
3/15/2021,35.41,21926053
3/16/2021,35.83,25022393
3/17/2021,35.79,42540082
3/18/2021,35.77,24729765
3/19/2021,35.53,48348878
3/22/2021,36,25427459
3/23/2021,35.36,27970481
3/24/2021,35.61,22883391
3/25/2021,35.67,24875303
3/26/2021,36.25,27944458
3/29/2021,36.62,27004772
3/30/2021,36.11,26303298
3/31/2021,36.23,26582694
4/1/2021,36.3,21319855
4/5/2021,36.28,22096894
4/6/2021,36.05,20722933
4/7/2021,35.91,21933833
4/8/2021,35.96,18129440
4/9/2021,36.6,31686712
4/12/2021,36.97,29944902
4/13/2021,37.16,33967419
4/14/2021,37.17,23842891
4/15/2021,37.6,24945789
4/16/2021,38.57,52829481
4/19/2021,38.93,30905057
4/20/2021,39.03,26459374
4/21/2021,39.53,29364991
4/22/2021,38.64,33373609
4/23/2021,38.66,24389820
4/26/2021,38.68,19773363
4/27/2021,38.45,19061457
4/28/2021,38.81,21963322
4/29/2021,38.6,23569405
4/30/2021,38.65,28413183
5/3/2021,39.83,46638581
5/4/2021,39.95,52802169
5/5/2021,39.97,76626289
5/6/2021,39.19,54944943
5/7/2021,39.58,33807757
5/10/2021,39.86,30831871
5/11/2021,39.35,30568572
5/12/2021,39.69,26208608
5/13/2021,40.1,25423778
5/14/2021,40.02,18041053
